{"Mean":{"confidence_interval":{"confidence_level":0.95,"lower_bound":150.33599764801414,"upper_bound":151.48529644321454},"point_estimate":150.874523355013,"standard_error":0.29309715947505566},"Median":{"confidence_interval":{"confidence_level":0.95,"lower_bound":149.42911341657785,"upper_bound":150.75439527129433},"point_estimate":149.78412954591568,"standard_error":0.3448727772698134},"MedianAbsDev":{"confidence_interval":{"confidence_level":0.95,"lower_bound":1.2753733149220146,"upper_bound":2.6381479725771197},"point_estimate":1.8195507864131977,"standard_error":0.36799257340072145},"Slope":{"confidence_interval":{"confidence_level":0.95,"lower_bound":150.1936889162019,"upper_bound":151.27426458152516},"point_estimate":150.73378071721112,"standard_error":0.2757463325410073},"StdDev":{"confidence_interval":{"confidence_level":0.95,"lower_bound":2.042376080607079,"upper_bound":3.9774986866799704},"point_estimate":2.9501809045789873,"standard_error":0.5415519118414733}}