{"Mean":{"confidence_interval":{"confidence_level":0.95,"lower_bound":-0.03638109063485809,"upper_bound":-0.023647358894945385},"point_estimate":-0.029859644316428624,"standard_error":0.003281755623521365},"Median":{"confidence_interval":{"confidence_level":0.95,"lower_bound":-0.03946131420248289,"upper_bound":-0.023963058097564827},"point_estimate":-0.0315285353960989,"standard_error":0.0040705847244478606}}