{"Mean":{"confidence_interval":{"confidence_level":0.95,"lower_bound":-0.016592242410466602,"upper_bound":0.008593814953873546},"point_estimate":-0.0030376869097684667,"standard_error":0.006461398141449313},"Median":{"confidence_interval":{"confidence_level":0.95,"lower_bound":-0.0012101459251179225,"upper_bound":0.013514930745231135},"point_estimate":0.004466025904958482,"standard_error":0.003860778397056228}}