{"Mean":{"confidence_interval":{"confidence_level":0.95,"lower_bound":0.03447161468380446,"upper_bound":0.04920125869848618},"point_estimate":0.04172333369797254,"standard_error":0.003746125408135292},"Median":{"confidence_interval":{"confidence_level":0.95,"lower_bound":0.03314045669493337,"upper_bound":0.045646832125948666},"point_estimate":0.03960299216156704,"standard_error":0.0030659914160649964}}