{"Mean":{"confidence_interval":{"confidence_level":0.95,"lower_bound":0.017084090595381803,"upper_bound":0.03390029548803967},"point_estimate":0.025097308898988757,"standard_error":0.0042578029579478935},"Median":{"confidence_interval":{"confidence_level":0.95,"lower_bound":0.014256803603692303,"upper_bound":0.029173187443108484},"point_estimate":0.020761785816525657,"standard_error":0.0033815986864057395}}