{"Mean":{"confidence_interval":{"confidence_level":0.95,"lower_bound":0.03646127200995479,"upper_bound":0.04787899326008722},"point_estimate":0.04233648900978304,"standard_error":0.00291797692931282},"Median":{"confidence_interval":{"confidence_level":0.95,"lower_bound":0.03568992839571061,"upper_bound":0.043743036122350976},"point_estimate":0.03958999743567104,"standard_error":0.002053449704162309}}