{"Mean":{"confidence_interval":{"confidence_level":0.95,"lower_bound":-0.036000685648444414,"upper_bound":-0.02029211681201721},"point_estimate":-0.02804530458598653,"standard_error":0.003986419542336502},"Median":{"confidence_interval":{"confidence_level":0.95,"lower_bound":-0.030405463038002924,"upper_bound":-0.0189517168223845},"point_estimate":-0.02543297341887296,"standard_error":0.0028154723877791823}}