{"Mean":{"confidence_interval":{"confidence_level":0.95,"lower_bound":194.3600709101998,"upper_bound":196.3909848498175},"point_estimate":195.2852534588244,"standard_error":0.5188110256710536},"Median":{"confidence_interval":{"confidence_level":0.95,"lower_bound":193.648411463102,"upper_bound":195.28939709742164},"point_estimate":194.36775696006748,"standard_error":0.3902022323622724},"MedianAbsDev":{"confidence_interval":{"confidence_level":0.95,"lower_bound":2.1180819743821933,"upper_bound":3.6829810914534105},"point_estimate":2.820443056661672,"standard_error":0.38456416286368605},"Slope":{"confidence_interval":{"confidence_level":0.95,"lower_bound":194.3148672427571,"upper_bound":196.64762767180665},"point_estimate":195.4145409758334,"standard_error":0.5972244666573325},"StdDev":{"confidence_interval":{"confidence_level":0.95,"lower_bound":2.869489078372166,"upper_bound":7.2975408185572626},"point_estimate":5.23883834291536,"standard_error":1.1344261269562237}}