{"Mean":{"confidence_interval":{"confidence_level":0.95,"lower_bound":201.7330711903572,"upper_bound":203.00353726903026},"point_estimate":202.3488910085185,"standard_error":0.324051577908317},"Median":{"confidence_interval":{"confidence_level":0.95,"lower_bound":200.9219405477622,"upper_bound":201.91926717572233},"point_estimate":201.33219475962085,"standard_error":0.23474960823946597},"MedianAbsDev":{"confidence_interval":{"confidence_level":0.95,"lower_bound":1.4276009960930671,"upper_bound":2.672266173420569},"point_estimate":1.943506487196111,"standard_error":0.2966883682970644},"Slope":{"confidence_interval":{"confidence_level":0.95,"lower_bound":202.0179675857584,"upper_bound":203.75209719466454},"point_estimate":202.8485194328364,"standard_error":0.4436188728977579},"StdDev":{"confidence_interval":{"confidence_level":0.95,"lower_bound":2.6357391518578144,"upper_bound":3.7743051903523606},"point_estimate":3.256966587105028,"standard_error":0.2911443893428025}}