{"Mean":{"confidence_interval":{"confidence_level":0.95,"lower_bound":198.94511679855728,"upper_bound":200.54381128256452},"point_estimate":199.72763350382706,"standard_error":0.4080244534480005},"Median":{"confidence_interval":{"confidence_level":0.95,"lower_bound":197.63675677342664,"upper_bound":199.96109342312914},"point_estimate":198.564643292589,"standard_error":0.6303284457910255},"MedianAbsDev":{"confidence_interval":{"confidence_level":0.95,"lower_bound":3.0311121183116057,"upper_bound":5.469000258174307},"point_estimate":4.099648600258662,"standard_error":0.6365023989254107},"Slope":{"confidence_interval":{"confidence_level":0.95,"lower_bound":197.70711145535773,"upper_bound":199.397514543037},"point_estimate":198.5350493349216,"standard_error":0.43251807336545406},"StdDev":{"confidence_interval":{"confidence_level":0.95,"lower_bound":3.50100446480322,"upper_bound":4.679003776243378},"point_estimate":4.111420498115113,"standard_error":0.3010891965835726}}