{"Mean":{"confidence_interval":{"confidence_level":0.95,"lower_bound":-0.03437500672515808,"upper_bound":-0.008832434655248892},"point_estimate":-0.02105458205374866,"standard_error":0.0065135292044350805},"Median":{"confidence_interval":{"confidence_level":0.95,"lower_bound":-0.024526494070604477,"upper_bound":-0.006758044488988979},"point_estimate":-0.01754955586603746,"standard_error":0.0045428910174204916}}