{"Mean":{"confidence_interval":{"confidence_level":0.95,"lower_bound":-0.01887418506544423,"upper_bound":0.0012958152978630618},"point_estimate":-0.007820104182042042,"standard_error":0.005156335121121655},"Median":{"confidence_interval":{"confidence_level":0.95,"lower_bound":-0.006845739553368424,"upper_bound":0.011317056829537986},"point_estimate":0.0038719749577860174,"standard_error":0.004717035058588515}}