{"Mean":{"confidence_interval":{"confidence_level":0.95,"lower_bound":254.14401523928123,"upper_bound":257.6975434956198},"point_estimate":255.6831678939582,"standard_error":0.9181352007145901},"Median":{"confidence_interval":{"confidence_level":0.95,"lower_bound":252.5815288407691,"upper_bound":256.0295459730778},"point_estimate":253.76142044343405,"standard_error":0.9007984011665447},"MedianAbsDev":{"confidence_interval":{"confidence_level":0.95,"lower_bound":4.039105610864305,"upper_bound":6.117631120787699},"point_estimate":5.610385414463484,"standard_error":0.5483997210517235},"Slope":{"confidence_interval":{"confidence_level":0.95,"lower_bound":254.1743376433691,"upper_bound":256.5973622512134},"point_estimate":255.39240001453484,"standard_error":0.6174051967351631},"StdDev":{"confidence_interval":{"confidence_level":0.95,"lower_bound":4.4691835323600815,"upper_bound":14.131558439999326},"point_estimate":9.225036187500837,"standard_error":2.93859448978711}}