{"Mean":{"confidence_interval":{"confidence_level":0.95,"lower_bound":245.10652317219981,"upper_bound":246.57481977853618},"point_estimate":245.81293870094262,"standard_error":0.3749513096367594},"Median":{"confidence_interval":{"confidence_level":0.95,"lower_bound":244.16814651553315,"upper_bound":245.44787140533165},"point_estimate":244.84411209068008,"standard_error":0.30924896545408986},"MedianAbsDev":{"confidence_interval":{"confidence_level":0.95,"lower_bound":1.8043621173625424,"upper_bound":3.1452358479210925},"point_estimate":2.5340316059630785,"standard_error":0.3528175788713372},"Slope":{"confidence_interval":{"confidence_level":0.95,"lower_bound":245.70112265767398,"upper_bound":247.50367712926794},"point_estimate":246.57912458333317,"standard_error":0.4594372174770509},"StdDev":{"confidence_interval":{"confidence_level":0.95,"lower_bound":2.8999846996023297,"upper_bound":4.57870558917813},"point_estimate":3.780724772904137,"standard_error":0.43069762724301897}}