{"Mean":{"confidence_interval":{"confidence_level":0.95,"lower_bound":484.1601908811714,"upper_bound":490.9769676522578},"point_estimate":487.0804299534937,"standard_error":1.7663012714685002},"Median":{"confidence_interval":{"confidence_level":0.95,"lower_bound":482.12615269253286,"upper_bound":486.0841162560317},"point_estimate":483.05123143040345,"standard_error":1.0583102799835136},"MedianAbsDev":{"confidence_interval":{"confidence_level":0.95,"lower_bound":4.723225011537405,"upper_bound":7.579272816118371},"point_estimate":5.848504070429704,"standard_error":0.7214705044575753},"Slope":{"confidence_interval":{"confidence_level":0.95,"lower_bound":483.8157089332535,"upper_bound":486.9667636229331},"point_estimate":485.343530510553,"standard_error":0.803865701895221},"StdDev":{"confidence_interval":{"confidence_level":0.95,"lower_bound":5.7663984822217484,"upper_bound":27.612592750504312},"point_estimate":17.777340115393063,"standard_error":5.914384794484418}}