{"Mean":{"confidence_interval":{"confidence_level":0.95,"lower_bound":187.1444726364892,"upper_bound":188.3998152830526},"point_estimate":187.7269944163962,"standard_error":0.321212720053621},"Median":{"confidence_interval":{"confidence_level":0.95,"lower_bound":186.49696461434527,"upper_bound":187.2521158866603},"point_estimate":186.76622283700556,"standard_error":0.23017111087564035},"MedianAbsDev":{"confidence_interval":{"confidence_level":0.95,"lower_bound":0.9405754120868363,"upper_bound":1.6915721885286747},"point_estimate":1.115735369501784,"standard_error":0.20673526580816123},"Slope":{"confidence_interval":{"confidence_level":0.95,"lower_bound":187.07880834732916,"upper_bound":188.56411082166446},"point_estimate":187.7650401644364,"standard_error":0.3805703647463244},"StdDev":{"confidence_interval":{"confidence_level":0.95,"lower_bound":2.096369056315886,"upper_bound":4.3036816166716365},"point_estimate":3.233707879796671,"standard_error":0.5740830732219115}}