{"Mean":{"confidence_interval":{"confidence_level":0.95,"lower_bound":243.58583374409818,"upper_bound":246.40555862044866},"point_estimate":244.902529683223,"standard_error":0.7199475276661681},"Median":{"confidence_interval":{"confidence_level":0.95,"lower_bound":241.34206985390094,"upper_bound":244.62778497478666},"point_estimate":242.29872054344474,"standard_error":0.7225978016278846},"MedianAbsDev":{"confidence_interval":{"confidence_level":0.95,"lower_bound":2.8883178311649593,"upper_bound":6.403340301202326},"point_estimate":4.594577728584344,"standard_error":0.8144096450995362},"Slope":{"confidence_interval":{"confidence_level":0.95,"lower_bound":242.03103663823023,"upper_bound":244.10603109088908},"point_estimate":243.00133699664423,"standard_error":0.5312611834410808},"StdDev":{"confidence_interval":{"confidence_level":0.95,"lower_bound":4.77247125489688,"upper_bound":9.748844679204336},"point_estimate":7.2569630152923095,"standard_error":1.31655197994929}}