{"Mean":{"confidence_interval":{"confidence_level":0.95,"lower_bound":246.46849834203312,"upper_bound":249.21091600589276},"point_estimate":247.70507801193241,"standard_error":0.704068416533183},"Median":{"confidence_interval":{"confidence_level":0.95,"lower_bound":245.07724330271475,"upper_bound":246.93420299249178},"point_estimate":245.7973494833855,"standard_error":0.46175436587384816},"MedianAbsDev":{"confidence_interval":{"confidence_level":0.95,"lower_bound":2.9365187320086608,"upper_bound":5.4417065083841445},"point_estimate":4.032472236654294,"standard_error":0.6269154422219702},"Slope":{"confidence_interval":{"confidence_level":0.95,"lower_bound":246.10219134866713,"upper_bound":248.23528680623212},"point_estimate":247.13739988788566,"standard_error":0.545143978396604},"StdDev":{"confidence_interval":{"confidence_level":0.95,"lower_bound":4.189899332628125,"upper_bound":10.087337833077807},"point_estimate":7.024086560278762,"standard_error":1.6856711804117375}}