{"Mean":{"confidence_interval":{"confidence_level":0.95,"lower_bound":-0.0030462609582575513,"upper_bound":0.006348064446347164},"point_estimate":0.0016501482123798539,"standard_error":0.0023887101883550347},"Median":{"confidence_interval":{"confidence_level":0.95,"lower_bound":-0.0035323524012756554,"upper_bound":0.004368360196889798},"point_estimate":0.0009842685316228117,"standard_error":0.0018597225883542595}}