{"Mean":{"confidence_interval":{"confidence_level":0.95,"lower_bound":0.007669318107157386,"upper_bound":0.020394973878868992},"point_estimate":0.014152883300089902,"standard_error":0.00324331341315448},"Median":{"confidence_interval":{"confidence_level":0.95,"lower_bound":0.005767473468650586,"upper_bound":0.022762183889505655},"point_estimate":0.012603684960295736,"standard_error":0.004211326480641907}}