{"Mean":{"confidence_interval":{"confidence_level":0.95,"lower_bound":-0.03694880166801436,"upper_bound":-0.02327299114172336},"point_estimate":-0.030013788844237443,"standard_error":0.003490730668874729},"Median":{"confidence_interval":{"confidence_level":0.95,"lower_bound":-0.03842643368016638,"upper_bound":-0.024566327736000315},"point_estimate":-0.030957247966490797,"standard_error":0.0036351568756014963}}