{"Mean":{"confidence_interval":{"confidence_level":0.95,"lower_bound":192.9486621787029,"upper_bound":194.71508197697952},"point_estimate":193.76558747353295,"standard_error":0.4513275466276048},"Median":{"confidence_interval":{"confidence_level":0.95,"lower_bound":191.95744461554756,"upper_bound":193.8614334479206},"point_estimate":192.58113378132444,"standard_error":0.583261685001381},"MedianAbsDev":{"confidence_interval":{"confidence_level":0.95,"lower_bound":2.477104490797652,"upper_bound":4.488508569242768},"point_estimate":3.0631251348946815,"standard_error":0.5137486802477333},"Slope":{"confidence_interval":{"confidence_level":0.95,"lower_bound":193.51851794156934,"upper_bound":196.2724004307923},"point_estimate":194.74327235506016,"standard_error":0.704939584023293},"StdDev":{"confidence_interval":{"confidence_level":0.95,"lower_bound":2.9866500653532406,"upper_bound":6.267594800632569},"point_estimate":4.5430376007586295,"standard_error":0.9075965232754039}}