{"Mean":{"confidence_interval":{"confidence_level":0.95,"lower_bound":187.0520637751632,"upper_bound":188.98782822095706},"point_estimate":187.9499480458227,"standard_error":0.4949354366743171},"Median":{"confidence_interval":{"confidence_level":0.95,"lower_bound":185.82030743211936,"upper_bound":187.73839513251784},"point_estimate":186.61935186918805,"standard_error":0.4323848491509507},"MedianAbsDev":{"confidence_interval":{"confidence_level":0.95,"lower_bound":2.334385757365816,"upper_bound":4.2227514232610455},"point_estimate":2.9645549272290324,"standard_error":0.4828990113115845},"Slope":{"confidence_interval":{"confidence_level":0.95,"lower_bound":187.72865844412507,"upper_bound":189.81293878657308},"point_estimate":188.7483360097957,"standard_error":0.530196610547188},"StdDev":{"confidence_interval":{"confidence_level":0.95,"lower_bound":3.2917318168833916,"upper_bound":6.912037896342776},"point_estimate":4.9866988695141234,"standard_error":1.044037601266199}}