{"Mean":{"confidence_interval":{"confidence_level":0.95,"lower_bound":109.72320634620631,"upper_bound":110.79755749745779},"point_estimate":110.22861042606573,"standard_error":0.2743669328420616},"Median":{"confidence_interval":{"confidence_level":0.95,"lower_bound":109.07087698772548,"upper_bound":109.86491960493278},"point_estimate":109.53746488344694,"standard_error":0.19147378899268394},"MedianAbsDev":{"confidence_interval":{"confidence_level":0.95,"lower_bound":1.2117344437527324,"upper_bound":2.190968112653317},"point_estimate":1.6950846127229589,"standard_error":0.2508713274948117},"Slope":{"confidence_interval":{"confidence_level":0.95,"lower_bound":109.09718652733892,"upper_bound":109.79426350072927},"point_estimate":109.4299501705856,"standard_error":0.1784588686451717},"StdDev":{"confidence_interval":{"confidence_level":0.95,"lower_bound":1.860546516289914,"upper_bound":3.5273812768683324},"point_estimate":2.7518224372514637,"standard_error":0.42433341715593037}}