{"Mean":{"confidence_interval":{"confidence_level":0.95,"lower_bound":-0.005665534042913424,"upper_bound":0.0057794553575362525},"point_estimate":-0.00015787530707644937,"standard_error":0.0028890510479749176},"Median":{"confidence_interval":{"confidence_level":0.95,"lower_bound":-0.008106870005910594,"upper_bound":0.006200088343000898},"point_estimate":-0.0006525412416530374,"standard_error":0.0037167601225534834}}