{"Mean":{"confidence_interval":{"confidence_level":0.95,"lower_bound":0.029915489312801462,"upper_bound":0.06201353660199823},"point_estimate":0.0438608727053067,"standard_error":0.008330293163480081},"Median":{"confidence_interval":{"confidence_level":0.95,"lower_bound":0.02689920243273236,"upper_bound":0.04308854961252728},"point_estimate":0.03366344280651501,"standard_error":0.004169836970182894}}