{"Mean":{"confidence_interval":{"confidence_level":0.95,"lower_bound":-0.029523030092857838,"upper_bound":-0.0159764099239548},"point_estimate":-0.022451807531640666,"standard_error":0.003432043626416188},"Median":{"confidence_interval":{"confidence_level":0.95,"lower_bound":-0.028129004386219902,"upper_bound":-0.012558972497132448},"point_estimate":-0.02054946361002974,"standard_error":0.004423223956121835}}