{"Mean":{"confidence_interval":{"confidence_level":0.95,"lower_bound":115.55952278253741,"upper_bound":116.3879262878045},"point_estimate":115.96377952512069,"standard_error":0.2112110152646751},"Median":{"confidence_interval":{"confidence_level":0.95,"lower_bound":115.15703717449873,"upper_bound":115.8619380750871},"point_estimate":115.42507163388328,"standard_error":0.16167620291033732},"MedianAbsDev":{"confidence_interval":{"confidence_level":0.95,"lower_bound":1.2325120697480256,"upper_bound":2.192423913757209},"point_estimate":1.6406799611236593,"standard_error":0.2429534570988633},"Slope":{"confidence_interval":{"confidence_level":0.95,"lower_bound":115.72312627163781,"upper_bound":116.59058261619563},"point_estimate":116.15146869114959,"standard_error":0.22179257809566819},"StdDev":{"confidence_interval":{"confidence_level":0.95,"lower_bound":1.7440582531481343,"upper_bound":2.4843265544502557},"point_estimate":2.129763400508997,"standard_error":0.18953732393816697}}