{"Mean":{"confidence_interval":{"confidence_level":0.95,"lower_bound":115.44682990688548,"upper_bound":116.47949420803504},"point_estimate":115.94547170781841,"standard_error":0.2646606105158833},"Median":{"confidence_interval":{"confidence_level":0.95,"lower_bound":114.63331686650594,"upper_bound":116.05284526164519},"point_estimate":115.34975201432141,"standard_error":0.39685700826933873},"MedianAbsDev":{"confidence_interval":{"confidence_level":0.95,"lower_bound":1.5487985589940731,"upper_bound":2.751610506530424},"point_estimate":2.27544179035786,"standard_error":0.3036062838123591},"Slope":{"confidence_interval":{"confidence_level":0.95,"lower_bound":115.89511897772539,"upper_bound":117.15836350395051},"point_estimate":116.51221587390994,"standard_error":0.3230804887057749},"StdDev":{"confidence_interval":{"confidence_level":0.95,"lower_bound":2.0979282530076726,"upper_bound":3.16616292891855},"point_estimate":2.655102684108395,"standard_error":0.2739702653820413}}