{"Mean":{"confidence_interval":{"confidence_level":0.95,"lower_bound":119.16532155928977,"upper_bound":122.85753780866428},"point_estimate":120.76042697949491,"standard_error":0.9512821915673064},"Median":{"confidence_interval":{"confidence_level":0.95,"lower_bound":118.52328542734385,"upper_bound":119.92816951993296},"point_estimate":119.03754687325011,"standard_error":0.37149024724781804},"MedianAbsDev":{"confidence_interval":{"confidence_level":0.95,"lower_bound":2.0949138548738584,"upper_bound":3.6638967414650265},"point_estimate":2.886962618516254,"standard_error":0.4055747858276766},"Slope":{"confidence_interval":{"confidence_level":0.95,"lower_bound":117.28190327480054,"upper_bound":120.49210366935732},"point_estimate":118.59346071705826,"standard_error":0.8322258114431579},"StdDev":{"confidence_interval":{"confidence_level":0.95,"lower_bound":3.2205594729001823,"upper_bound":14.500942838728996},"point_estimate":9.578504194548605,"standard_error":2.974756415731078}}