{"Mean":{"confidence_interval":{"confidence_level":0.95,"lower_bound":399.3254684910402,"upper_bound":403.90766913078704},"point_estimate":401.5336126885206,"standard_error":1.1679765097577373},"Median":{"confidence_interval":{"confidence_level":0.95,"lower_bound":397.84661239495796,"upper_bound":402.9031036897518},"point_estimate":400.511104826546,"standard_error":1.1808898687730047},"MedianAbsDev":{"confidence_interval":{"confidence_level":0.95,"lower_bound":7.2080344031523556,"upper_bound":11.380425361466576},"point_estimate":9.120913515088342,"standard_error":1.04820474800843},"Slope":{"confidence_interval":{"confidence_level":0.95,"lower_bound":396.37873307777755,"upper_bound":401.4254342015568},"point_estimate":398.60372429846774,"standard_error":1.2949649501914042},"StdDev":{"confidence_interval":{"confidence_level":0.95,"lower_bound":8.653256128539452,"upper_bound":14.53476622590682},"point_estimate":11.718161689980418,"standard_error":1.5051813622443537}}