{"Mean":{"confidence_interval":{"confidence_level":0.95,"lower_bound":420.75437671820856,"upper_bound":424.67805473960414},"point_estimate":422.6380869331638,"standard_error":1.0025351938848452},"Median":{"confidence_interval":{"confidence_level":0.95,"lower_bound":418.2141807079046,"upper_bound":423.31041323868175},"point_estimate":421.52318606940685,"standard_error":1.1617318098920144},"MedianAbsDev":{"confidence_interval":{"confidence_level":0.95,"lower_bound":7.0728530220163774,"upper_bound":11.563761935996405},"point_estimate":9.04104855843109,"standard_error":1.162219703112278},"Slope":{"confidence_interval":{"confidence_level":0.95,"lower_bound":419.33753824784367,"upper_bound":425.0755278287565},"point_estimate":422.03743782434196,"standard_error":1.4696616268058924},"StdDev":{"confidence_interval":{"confidence_level":0.95,"lower_bound":7.721878884516128,"upper_bound":12.282296487777394},"point_estimate":10.069980826252968,"standard_error":1.1708350114685087}}