{"Mean":{"confidence_interval":{"confidence_level":0.95,"lower_bound":0.009158720520322095,"upper_bound":0.02429983871927519},"point_estimate":0.016863005523758856,"standard_error":0.0038261808979852953},"Median":{"confidence_interval":{"confidence_level":0.95,"lower_bound":0.005273801436438647,"upper_bound":0.022753602097737247},"point_estimate":0.012014754455934584,"standard_error":0.003787570056925545}}