{"Mean":{"confidence_interval":{"confidence_level":0.95,"lower_bound":-0.004682390274278804,"upper_bound":0.008839900544799885},"point_estimate":0.0019881406935018386,"standard_error":0.003438529543701003},"Median":{"confidence_interval":{"confidence_level":0.95,"lower_bound":-0.011906440384738537,"upper_bound":0.0015277305725316381},"point_estimate":-0.005024585022718631,"standard_error":0.003566545867150531}}