{"Mean":{"confidence_interval":{"confidence_level":0.95,"lower_bound":-0.03875378043871611,"upper_bound":-0.024530459063208297},"point_estimate":-0.031321762656322694,"standard_error":0.003616810705447097},"Median":{"confidence_interval":{"confidence_level":0.95,"lower_bound":-0.03742714741886488,"upper_bound":-0.02883203319303629},"point_estimate":-0.032917993931024236,"standard_error":0.002178000804788083}}