{"Mean":{"confidence_interval":{"confidence_level":0.95,"lower_bound":238.84874097795847,"upper_bound":241.17236556364375},"point_estimate":239.94651834967678,"standard_error":0.5925046106690528},"Median":{"confidence_interval":{"confidence_level":0.95,"lower_bound":237.2906991997901,"upper_bound":238.2827245401153},"point_estimate":237.70619382482957,"standard_error":0.2886495959123615},"MedianAbsDev":{"confidence_interval":{"confidence_level":0.95,"lower_bound":1.93678030984507,"upper_bound":3.8928295090379508},"point_estimate":2.8113227931541953,"standard_error":0.5133866555385632},"Slope":{"confidence_interval":{"confidence_level":0.95,"lower_bound":238.6502204087147,"upper_bound":241.39118526946146},"point_estimate":239.88708813302912,"standard_error":0.7039749495496725},"StdDev":{"confidence_interval":{"confidence_level":0.95,"lower_bound":4.216960668020649,"upper_bound":7.491463419214142},"point_estimate":5.949211484740367,"standard_error":0.8367566463514124}}