{"Mean":{"confidence_interval":{"confidence_level":0.95,"lower_bound":-0.04720814579826808,"upper_bound":-0.03210280064497142},"point_estimate":-0.04010057362999697,"standard_error":0.0038647443631622132},"Median":{"confidence_interval":{"confidence_level":0.95,"lower_bound":-0.046130406871698115,"upper_bound":-0.03366665356854692},"point_estimate":-0.03978227294421344,"standard_error":0.003289778895810471}}