{"Mean":{"confidence_interval":{"confidence_level":0.95,"lower_bound":0.03611623474556199,"upper_bound":0.07188061970991572},"point_estimate":0.056950676352530705,"standard_error":0.009339778011036567},"Median":{"confidence_interval":{"confidence_level":0.95,"lower_bound":0.05784736223236564,"upper_bound":0.07529040004777965},"point_estimate":0.06364255254433204,"standard_error":0.004402960329821103}}