{"Mean":{"confidence_interval":{"confidence_level":0.95,"lower_bound":0.007251249201587563,"upper_bound":0.020682983209736525},"point_estimate":0.013799641222959957,"standard_error":0.003410817162090686},"Median":{"confidence_interval":{"confidence_level":0.95,"lower_bound":0.004705628662622363,"upper_bound":0.019621012583623143},"point_estimate":0.015172271007573679,"standard_error":0.004016589368317662}}