{"Mean":{"confidence_interval":{"confidence_level":0.95,"lower_bound":0.2138123723877653,"upper_bound":0.23416520821454642},"point_estimate":0.22280225614720717,"standard_error":0.0051899513092843064},"Median":{"confidence_interval":{"confidence_level":0.95,"lower_bound":0.21141024753250526,"upper_bound":0.22809274850176497},"point_estimate":0.21994550376837774,"standard_error":0.004071805625310134}}