{"Mean":{"confidence_interval":{"confidence_level":0.95,"lower_bound":-0.05670157321032691,"upper_bound":-0.04306570437280027},"point_estimate":-0.04993509789376993,"standard_error":0.0035044770682044596},"Median":{"confidence_interval":{"confidence_level":0.95,"lower_bound":-0.05705209838100456,"upper_bound":-0.04141457644105251},"point_estimate":-0.04984798449355299,"standard_error":0.0038403872249273257}}