{"Mean":{"confidence_interval":{"confidence_level":0.95,"lower_bound":-0.02838882303593395,"upper_bound":-0.01566235057726167},"point_estimate":-0.022242190362294245,"standard_error":0.003282461197884241},"Median":{"confidence_interval":{"confidence_level":0.95,"lower_bound":-0.029424703498897475,"upper_bound":-0.015095790874714687},"point_estimate":-0.021136121028038857,"standard_error":0.0036744776945901664}}