{"Mean":{"confidence_interval":{"confidence_level":0.95,"lower_bound":0.03592970797690844,"upper_bound":0.0496719054497619},"point_estimate":0.04342988245571511,"standard_error":0.0035025693625180573},"Median":{"confidence_interval":{"confidence_level":0.95,"lower_bound":0.041942505850709244,"upper_bound":0.04922903914073256},"point_estimate":0.04515397537344734,"standard_error":0.00181150314037604}}