{"Mean":{"confidence_interval":{"confidence_level":0.95,"lower_bound":-0.01846190534149462,"upper_bound":0.003645321706979615},"point_estimate":-0.006530320798037947,"standard_error":0.0056665639128842945},"Median":{"confidence_interval":{"confidence_level":0.95,"lower_bound":-0.008436645675520937,"upper_bound":0.008260504831326232},"point_estimate":-0.00007963340047667522,"standard_error":0.004264831160541409}}