{"Mean":{"confidence_interval":{"confidence_level":0.95,"lower_bound":105.20844596661196,"upper_bound":106.51904854017528},"point_estimate":105.80837991754302,"standard_error":0.33519583194038216},"Median":{"confidence_interval":{"confidence_level":0.95,"lower_bound":104.52979284599753,"upper_bound":105.59415151572523},"point_estimate":105.17981555783646,"standard_error":0.3072435126490977},"MedianAbsDev":{"confidence_interval":{"confidence_level":0.95,"lower_bound":1.6426208722450895,"upper_bound":2.7555147316638386},"point_estimate":2.366647120038736,"standard_error":0.29662652977162934},"Slope":{"confidence_interval":{"confidence_level":0.95,"lower_bound":105.07317375207455,"upper_bound":105.92069199215354},"point_estimate":105.48234586488373,"standard_error":0.2162696270846948},"StdDev":{"confidence_interval":{"confidence_level":0.95,"lower_bound":2.002335531926517,"upper_bound":4.7685008074632025},"point_estimate":3.3583592317757707,"standard_error":0.762455437995238}}