{"Mean":{"confidence_interval":{"confidence_level":0.95,"lower_bound":112.39661878755396,"upper_bound":113.53240097632754},"point_estimate":112.93061172307574,"standard_error":0.2900537317265833},"Median":{"confidence_interval":{"confidence_level":0.95,"lower_bound":111.36520631271372,"upper_bound":112.78563522680199},"point_estimate":111.63860925156928,"standard_error":0.4078576932626456},"MedianAbsDev":{"confidence_interval":{"confidence_level":0.95,"lower_bound":1.0276094510252844,"upper_bound":2.639144205016341},"point_estimate":1.6406752281181483,"standard_error":0.3961036607229638},"Slope":{"confidence_interval":{"confidence_level":0.95,"lower_bound":111.81777175040585,"upper_bound":112.69799733435308},"point_estimate":112.23967560020665,"standard_error":0.22464786074176993},"StdDev":{"confidence_interval":{"confidence_level":0.95,"lower_bound":2.1034131554359714,"upper_bound":3.6781549380773355},"point_estimate":2.9121330461537633,"standard_error":0.40420988916557193}}