{"Mean":{"confidence_interval":{"confidence_level":0.95,"lower_bound":151.6884528942644,"upper_bound":153.37261834647973},"point_estimate":152.45435004292207,"standard_error":0.430814359957291},"Median":{"confidence_interval":{"confidence_level":0.95,"lower_bound":150.72853810468902,"upper_bound":151.73469526238688},"point_estimate":151.11522953121315,"standard_error":0.2608553365545538},"MedianAbsDev":{"confidence_interval":{"confidence_level":0.95,"lower_bound":1.3900693630975127,"upper_bound":2.621877068520921},"point_estimate":1.88688500517351,"standard_error":0.3087359397549993},"Slope":{"confidence_interval":{"confidence_level":0.95,"lower_bound":152.10079225391533,"upper_bound":153.9937983809242},"point_estimate":153.01843269035837,"standard_error":0.4840971418995769},"StdDev":{"confidence_interval":{"confidence_level":0.95,"lower_bound":2.493537379724651,"upper_bound":5.940222700975377},"point_estimate":4.335503754752883,"standard_error":0.87857167292753}}