{"Mean":{"confidence_interval":{"confidence_level":0.95,"lower_bound":154.0599387838235,"upper_bound":155.67317986333316},"point_estimate":154.7783180977907,"standard_error":0.4127122110863108},"Median":{"confidence_interval":{"confidence_level":0.95,"lower_bound":153.1162016881117,"upper_bound":154.20685795364972},"point_estimate":153.50875272245287,"standard_error":0.3003221974374954},"MedianAbsDev":{"confidence_interval":{"confidence_level":0.95,"lower_bound":1.3857102712514267,"upper_bound":2.8777879836332105},"point_estimate":1.7925954963055202,"standard_error":0.40668478497687},"Slope":{"confidence_interval":{"confidence_level":0.95,"lower_bound":154.04143182510632,"upper_bound":155.30899879794106},"point_estimate":154.6784769709332,"standard_error":0.3236818240510561},"StdDev":{"confidence_interval":{"confidence_level":0.95,"lower_bound":2.34865778065752,"upper_bound":6.0871607434220865},"point_estimate":4.146885013287849,"standard_error":1.109485669946493}}