{"Mean":{"confidence_interval":{"confidence_level":0.95,"lower_bound":158.86641695518696,"upper_bound":160.07009759182824},"point_estimate":159.44004984567752,"standard_error":0.30751739167768716},"Median":{"confidence_interval":{"confidence_level":0.95,"lower_bound":157.96592207616322,"upper_bound":158.8529405024711},"point_estimate":158.25352658693987,"standard_error":0.23610105246183175},"MedianAbsDev":{"confidence_interval":{"confidence_level":0.95,"lower_bound":1.1336401631754678,"upper_bound":2.277559372100782},"point_estimate":1.5342371285952316,"standard_error":0.2982008255135906},"Slope":{"confidence_interval":{"confidence_level":0.95,"lower_bound":159.31891862915572,"upper_bound":160.72303768057316},"point_estimate":160.03456971159065,"standard_error":0.3576669418394098},"StdDev":{"confidence_interval":{"confidence_level":0.95,"lower_bound":2.32988977758268,"upper_bound":3.7999780683882918},"point_estimate":3.0872374903893096,"standard_error":0.37800324193119206}}