{"Mean":{"confidence_interval":{"confidence_level":0.95,"lower_bound":160.33605605275835,"upper_bound":162.41721812672776},"point_estimate":161.25927426196006,"standard_error":0.535322055426575},"Median":{"confidence_interval":{"confidence_level":0.95,"lower_bound":159.2924391743174,"upper_bound":160.53378398673817},"point_estimate":159.97433211727224,"standard_error":0.2916918665485393},"MedianAbsDev":{"confidence_interval":{"confidence_level":0.95,"lower_bound":1.7491990610707342,"upper_bound":3.0211265152592195},"point_estimate":2.4049770348701225,"standard_error":0.32525208939921796},"Slope":{"confidence_interval":{"confidence_level":0.95,"lower_bound":159.80891994113898,"upper_bound":161.49007505318326},"point_estimate":160.53749885839733,"standard_error":0.4337236257164819},"StdDev":{"confidence_interval":{"confidence_level":0.95,"lower_bound":2.7759928662446196,"upper_bound":7.978548510538708},"point_estimate":5.367139673377107,"standard_error":1.4935007735052415}}