{"Mean":{"confidence_interval":{"confidence_level":0.95,"lower_bound":156.0341793482329,"upper_bound":157.48089907315014},"point_estimate":156.73670879796825,"standard_error":0.3692496073705571},"Median":{"confidence_interval":{"confidence_level":0.95,"lower_bound":155.3725069828722,"upper_bound":156.4830265386787},"point_estimate":155.9057091808317,"standard_error":0.3268271555533379},"MedianAbsDev":{"confidence_interval":{"confidence_level":0.95,"lower_bound":2.5581252754171295,"upper_bound":4.108936174078682},"point_estimate":3.297883791516718,"standard_error":0.38890301385781184},"Slope":{"confidence_interval":{"confidence_level":0.95,"lower_bound":154.85811424827992,"upper_bound":155.93372617587693},"point_estimate":155.3636362080335,"standard_error":0.2739072565546937},"StdDev":{"confidence_interval":{"confidence_level":0.95,"lower_bound":2.9582380754251743,"upper_bound":4.460341044631238},"point_estimate":3.714602855909765,"standard_error":0.388365125781609}}