{"Mean":{"confidence_interval":{"confidence_level":0.95,"lower_bound":196.2323282553403,"upper_bound":197.84155970899204},"point_estimate":197.02097824381104,"standard_error":0.41153053153283986},"Median":{"confidence_interval":{"confidence_level":0.95,"lower_bound":194.95281989827157,"upper_bound":197.4359365589239},"point_estimate":196.5098920341743,"standard_error":0.6782784804623777},"MedianAbsDev":{"confidence_interval":{"confidence_level":0.95,"lower_bound":2.9912128112947642,"upper_bound":5.15325321873428},"point_estimate":4.409721826848736,"standard_error":0.5578052399201656},"Slope":{"confidence_interval":{"confidence_level":0.95,"lower_bound":197.1447586989477,"upper_bound":199.29336651545492},"point_estimate":198.23565781979798,"standard_error":0.5491094135838267},"StdDev":{"confidence_interval":{"confidence_level":0.95,"lower_bound":3.3390308177500625,"upper_bound":5.016981935148561},"point_estimate":4.12839751329783,"standard_error":0.44065919095840533}}