{"Mean":{"confidence_interval":{"confidence_level":0.95,"lower_bound":196.93264276022663,"upper_bound":200.63851468683518},"point_estimate":198.57384641057052,"standard_error":0.9520053237378193},"Median":{"confidence_interval":{"confidence_level":0.95,"lower_bound":194.83135646061842,"upper_bound":197.0698605345494},"point_estimate":195.75194540363356,"standard_error":0.616861836032063},"MedianAbsDev":{"confidence_interval":{"confidence_level":0.95,"lower_bound":2.0295876305132774,"upper_bound":4.307161600221931},"point_estimate":2.8828482463035217,"standard_error":0.6402819506595905},"Slope":{"confidence_interval":{"confidence_level":0.95,"lower_bound":195.46781509497984,"upper_bound":197.11360886566126},"point_estimate":196.21960833279817,"standard_error":0.4203508061357526},"StdDev":{"confidence_interval":{"confidence_level":0.95,"lower_bound":4.564729997433754,"upper_bound":14.16365049299941},"point_estimate":9.538283425083005,"standard_error":2.560240500610309}}