{"Mean":{"confidence_interval":{"confidence_level":0.95,"lower_bound":198.72046018664358,"upper_bound":200.5887077873001},"point_estimate":199.57766267090653,"standard_error":0.4781913765265978},"Median":{"confidence_interval":{"confidence_level":0.95,"lower_bound":197.60563985113083,"upper_bound":199.03017197185068},"point_estimate":198.113029236439,"standard_error":0.39903563807830333},"MedianAbsDev":{"confidence_interval":{"confidence_level":0.95,"lower_bound":1.8949371021165895,"upper_bound":3.3852032447885074},"point_estimate":2.5485095658401686,"standard_error":0.38310951922185843},"Slope":{"confidence_interval":{"confidence_level":0.95,"lower_bound":198.07672041204188,"upper_bound":200.03832187704165},"point_estimate":198.9929144276435,"standard_error":0.5043731054979721},"StdDev":{"confidence_interval":{"confidence_level":0.95,"lower_bound":2.947533499039281,"upper_bound":6.6271177853232786},"point_estimate":4.803915650920833,"standard_error":0.9705050299389241}}