{"Mean":{"confidence_interval":{"confidence_level":0.95,"lower_bound":258.5531687354307,"upper_bound":261.5366518469811},"point_estimate":259.9509202808242,"standard_error":0.7609039498884075},"Median":{"confidence_interval":{"confidence_level":0.95,"lower_bound":256.5637984944991,"upper_bound":259.43280608634115},"point_estimate":258.0451490525727,"standard_error":0.8662908658746412},"MedianAbsDev":{"confidence_interval":{"confidence_level":0.95,"lower_bound":3.310555781252705,"upper_bound":6.6864200455326035},"point_estimate":5.058911903173944,"standard_error":0.8888931286116023},"Slope":{"confidence_interval":{"confidence_level":0.95,"lower_bound":257.06127679955534,"upper_bound":259.0405317231948},"point_estimate":258.010730192137,"standard_error":0.507312811295681},"StdDev":{"confidence_interval":{"confidence_level":0.95,"lower_bound":5.185343597346141,"upper_bound":10.198498950784693},"point_estimate":7.655881663533876,"standard_error":1.320691823685028}}