{"Mean":{"confidence_interval":{"confidence_level":0.95,"lower_bound":-0.046398265321540434,"upper_bound":-0.031843681165871676},"point_estimate":-0.038603359283741145,"standard_error":0.0037305897946574465},"Median":{"confidence_interval":{"confidence_level":0.95,"lower_bound":-0.04392512325937781,"upper_bound":-0.029939306517670183},"point_estimate":-0.035140520324844715,"standard_error":0.0036152832963109597}}