{"Mean":{"confidence_interval":{"confidence_level":0.95,"lower_bound":0.043023911959886675,"upper_bound":0.058205523914917755},"point_estimate":0.05038409925309151,"standard_error":0.0038543071439788136},"Median":{"confidence_interval":{"confidence_level":0.95,"lower_bound":0.041169921861975434,"upper_bound":0.057159343839175536},"point_estimate":0.04934822841730013,"standard_error":0.00426412024404196}}