{"Mean":{"confidence_interval":{"confidence_level":0.95,"lower_bound":-0.012928481975457613,"upper_bound":0.006251632452506627},"point_estimate":-0.0036566642306731234,"standard_error":0.004872567262506545},"Median":{"confidence_interval":{"confidence_level":0.95,"lower_bound":-0.009477565596239912,"upper_bound":0.006295609705250227},"point_estimate":-0.0027821233896122566,"standard_error":0.003992375848018098}}