{"Mean":{"confidence_interval":{"confidence_level":0.95,"lower_bound":149.8375850060215,"upper_bound":151.22604987336882},"point_estimate":150.46845934933262,"standard_error":0.35485549438041525},"Median":{"confidence_interval":{"confidence_level":0.95,"lower_bound":149.02542089507875,"upper_bound":150.76769662104198},"point_estimate":149.74878935481456,"standard_error":0.48437080313586295},"MedianAbsDev":{"confidence_interval":{"confidence_level":0.95,"lower_bound":1.932770369930963,"upper_bound":3.0498969104893714},"point_estimate":2.462974451443333,"standard_error":0.2870969102001738},"Slope":{"confidence_interval":{"confidence_level":0.95,"lower_bound":149.76751769459247,"upper_bound":150.73705249929648},"point_estimate":150.24907095986808,"standard_error":0.2476158649530652},"StdDev":{"confidence_interval":{"confidence_level":0.95,"lower_bound":2.158460712300992,"upper_bound":5.1455945057864945},"point_estimate":3.553859847578811,"standard_error":0.9077863518881716}}