{"Mean":{"confidence_interval":{"confidence_level":0.95,"lower_bound":145.32958701219331,"upper_bound":146.6930312486499},"point_estimate":145.97552467232055,"standard_error":0.3480463918811647},"Median":{"confidence_interval":{"confidence_level":0.95,"lower_bound":144.56684071249555,"upper_bound":145.94421178582112},"point_estimate":145.02742934911834,"standard_error":0.38878048522181263},"MedianAbsDev":{"confidence_interval":{"confidence_level":0.95,"lower_bound":2.081919189774458,"upper_bound":3.5230004593617714},"point_estimate":2.7680482287442243,"standard_error":0.39192284420111145},"Slope":{"confidence_interval":{"confidence_level":0.95,"lower_bound":145.47468649972876,"upper_bound":147.80971159347558},"point_estimate":146.48986773895822,"standard_error":0.6034288351461482},"StdDev":{"confidence_interval":{"confidence_level":0.95,"lower_bound":2.5000547061704244,"upper_bound":4.600352490550814},"point_estimate":3.5025071854428718,"standard_error":0.5576610357797341}}